{
    "uvs":[[0,0,1,0,1,1,0,1,0.5,1,0.890916,0.811745,0.987464,0.388739,0.716942,0.049516,0.283058,0.049516,0.012536,0.38874,0.109084,0.811745,-0.001317,0.001707,0.996945,-0.000971,0.997803,1.00242,-0.000238,0.99978,0.948328,0.013116,0.684193,0.021584,0.00308,-0.001801,1,0,1,0.000723,1.00308,0.997972,0,1.00075,0.948328,-0.002867,0.192521,0.001606]],
    "metadata":{
        "generator":"io_three",
        "version":3,
        "type":"Geometry",
        "materials":3,
        "uvs":1,
        "faces":32,
        "vertices":29,
        "normals":32
    },
    "faces":[43,10,1,3,12,0,0,1,2,3,0,0,0,0,42,0,6,7,0,10,4,5,1,1,1,42,7,1,10,0,5,6,7,2,2,2,42,9,13,0,0,8,9,10,3,3,3,42,7,10,9,0,5,7,8,4,4,4,42,7,9,0,0,5,8,10,5,5,5,43,5,3,1,7,1,11,12,13,14,6,6,6,6,43,6,0,2,4,2,17,18,15,16,7,7,7,7,42,4,2,11,0,10,4,5,8,8,8,42,8,12,3,0,6,7,8,9,9,9,42,4,11,8,0,10,5,6,10,10,10,42,3,5,4,0,8,9,10,11,11,11,42,8,3,4,0,6,8,10,12,12,12,43,13,9,8,11,0,0,1,2,3,13,13,13,13,43,0,13,11,2,0,0,1,2,3,14,14,14,14,43,9,10,12,8,0,0,1,2,3,15,15,15,15,43,24,15,17,26,0,0,1,2,3,16,16,16,16,42,14,20,21,0,10,4,5,17,17,17,42,21,15,24,0,5,6,7,18,18,18,42,23,27,14,0,8,9,10,19,19,19,42,21,24,23,0,5,7,8,20,20,20,42,21,23,14,0,5,8,10,21,21,21,43,19,17,15,21,0,0,19,20,21,22,22,22,22,43,16,18,20,14,2,22,23,17,18,23,23,23,23,42,18,16,25,0,10,4,5,24,24,24,42,22,26,17,0,6,7,8,25,25,25,42,18,25,22,0,10,5,6,26,26,26,42,17,19,18,0,8,9,10,27,27,27,42,22,17,18,0,6,8,10,28,28,28,43,27,23,22,25,0,0,1,2,3,29,29,29,29,43,14,27,25,16,0,0,1,2,3,30,30,30,30,43,23,24,26,22,0,0,1,2,3,31,31,31,31],
    "materials":[{
        "mapDiffuseAnisotropy":1,
        "DbgColor":15597568,
        "colorDiffuse":[0.591873,0.63076,0.64],
        "colorEmissive":[0,0,0],
        "specularCoef":50,
        "opacity":1,
        "mapDiffuse":"content.jpeg",
        "shading":"phong",
        "colorSpecular":[0.5,0.5,0.5],
        "transparent":false,
        "depthWrite":true,
        "mapDiffuseRepeat":[1,1],
        "DbgIndex":1,
        "blending":"NormalBlending",
        "visible":true,
        "mapDiffuseWrap":["repeat","repeat"],
        "depthTest":true,
        "wireframe":false,
        "DbgName":"CT.001"
    },{
        "mapDiffuseAnisotropy":1,
        "DbgColor":60928,
        "colorDiffuse":[0.64,0.64,0.64],
        "colorEmissive":[0,0,0],
        "specularCoef":50,
        "opacity":1,
        "mapDiffuse":"sms.jpeg",
        "shading":"phong",
        "colorSpecular":[0.5,0.5,0.5],
        "transparent":false,
        "depthWrite":true,
        "mapDiffuseRepeat":[1,1],
        "DbgIndex":2,
        "blending":"NormalBlending",
        "visible":true,
        "mapDiffuseWrap":["repeat","repeat"],
        "depthTest":true,
        "wireframe":false,
        "DbgName":"SMSMSMS"
    },{
        "mapDiffuseAnisotropy":1,
        "DbgColor":15658734,
        "colorDiffuse":[0.64,0.64,0.64],
        "colorEmissive":[0,0,0],
        "specularCoef":50,
        "opacity":1,
        "mapDiffuse":"bluerec.png",
        "shading":"phong",
        "colorSpecular":[0.5,0.5,0.5],
        "transparent":false,
        "depthWrite":true,
        "mapDiffuseRepeat":[1,1],
        "DbgIndex":0,
        "blending":"NormalBlending",
        "visible":true,
        "mapDiffuseWrap":["repeat","repeat"],
        "depthTest":true,
        "wireframe":false,
        "DbgName":"Blue Cover"
    }],
    "vertices":[-1.97148,0.440195,-2.00124,-1.87422,0.565523,-1.79404,-1.94874,0.440195,1.98559,-1.85385,0.565523,1.77729,0.012901,0.413055,1.76431,0.012936,0.474919,1.77053,-0.00744,0.413438,-1.80235,-0.007476,0.474919,-1.80857,-1.92104,0.521331,1.88155,-1.9426,0.521331,-1.89753,-1.91979,0.553648,-1.84572,-1.94927,0.474563,1.93365,-1.89883,0.553648,1.82949,-1.99538,0.501704,-2.02336,1.94458,0.432834,-2.02413,1.8497,0.558161,-1.81583,1.96732,0.432834,1.96271,1.87006,0.558161,1.7555,0.003282,0.405693,1.76381,0.003318,0.467557,1.77003,-0.017059,0.406077,-1.80284,-0.017094,0.467557,-1.80906,1.93844,0.513969,1.85899,1.91689,0.513969,-1.92009,1.89467,0.546286,-1.86802,1.96726,0.467202,1.91077,1.91563,0.546286,1.80718,1.96823,0.494342,-2.04651,-1.26934,-0.551075,0.898842],
    "normals":[0.253707,-0.96728,-0.001447,-0.098898,0.100149,0.990045,-0.04477,-0.964286,0.261051,-0.891818,-0.20078,0.405398,-0.045071,-0.838582,0.542908,-0.047383,-0.780296,0.623613,-0.048477,-0.998824,0.000277,0.013728,0.999906,-2.8e-05,-0.073536,-0.832037,-0.549825,-0.5373,-0.594495,-0.598234,-0.082095,-0.719139,-0.69,0.001253,0.100078,-0.994979,-0.07645,-0.899366,-0.430461,0.638371,-0.769685,-0.008283,0.970385,0.241443,-0.007585,0.820532,-0.571582,-0.00468,0.253708,0.96728,-0.001447,-0.110183,-0.100147,-0.988853,-0.047745,0.964286,-0.260523,-0.896384,0.200782,-0.3952,-0.05126,0.838582,-0.542358,-0.054493,0.780296,-0.623032,-0.048477,0.998824,0.000276,0.013727,-0.999906,-0.000129,-0.06726,0.832037,0.550628,-0.530437,0.5945,0.604323,-0.07422,0.719139,0.690891,0.012601,-0.100077,0.9949,-0.071536,0.899365,0.431306,0.638424,0.769684,0.001002,0.970409,-0.241442,-0.003484,0.820533,0.57158,-0.00468]
}