{
    "uvs":[[0.363238,0.690538,0.366858,0.778765,0.124289,0.778857,0.125338,0.690538,0.400493,0.610109,0.400497,0.204724,0.107573,0.20846,0.10757,0.609217,0,0,1,0,1,1,0,1,0.5,1,0.890916,0.811745,0.987464,0.388739,0.716942,0.049516,0.283058,0.049516,0.012536,0.38874,0.109084,0.811745,0.536062,0.092156,0.961193,0.091375,0.955069,0.729368,0.536059,0.728581,0.363238,0.694914,0.36357,0.772877,0.128066,0.775936,0.125338,0.694914]],
    "metadata":{
        "type":"Geometry",
        "faces":21,
        "materials":1,
        "uvs":1,
        "version":3,
        "generator":"io_three",
        "vertices":27,
        "normals":21
    },
    "vertices":[-1.97148,-2.00124,-0.440195,-1.87422,-1.79404,-0.565523,-1.94874,1.98559,-0.440195,-1.85385,1.77729,-0.565523,0.002996,1.76612,-0.405906,-0.016844,-1.80782,-0.41099,-1.92104,1.88155,-0.521331,-1.9426,-1.89753,-0.521331,-1.91979,-1.84572,-0.553648,-1.94927,1.93365,-0.474563,-1.89883,1.82949,-0.553648,-1.99538,-2.02336,-0.501704,1.94458,-2.02413,-0.432834,1.8497,-1.81583,-0.558161,1.96732,1.96271,-0.432834,1.87006,1.7555,-0.558161,0.003282,1.76381,-0.405693,0.003318,1.77003,-0.467557,-0.017059,-1.80284,-0.406077,-0.017094,-1.80906,-0.467557,1.93844,1.85899,-0.513969,1.91689,-1.92009,-0.513969,1.89467,-1.86802,-0.546286,1.96726,1.91077,-0.467202,1.91563,1.80718,-0.546286,1.96823,-2.04651,-0.494342,-1.26934,0.898842,0.551075],
    "normals":[0.016256,0.000581,-0.999868,0.052676,-0.0003,-0.998612,0.638371,-0.008283,0.769685,0.970385,-0.007585,-0.241443,0.820532,-0.00468,0.571582,0.253708,-0.001447,-0.96728,-0.110183,-0.988853,0.100147,-0.047745,-0.260523,-0.964286,-0.896384,-0.3952,-0.200782,-0.05126,-0.542358,-0.838582,-0.054493,-0.623032,-0.780296,-0.048477,0.000276,-0.998824,0.013727,-0.000129,0.999906,-0.06726,0.550628,-0.832037,-0.530437,0.604323,-0.5945,-0.07422,0.690891,-0.719139,0.012601,0.9949,0.100077,-0.071536,0.431306,-0.899365,0.638424,0.001002,-0.769684,0.970409,-0.003484,0.241442,0.820533,-0.00468,-0.57158],
    "name":"Cube.003Geometry.2",
    "faces":[43,5,0,2,4,0,2,3,0,1,0,0,0,0,43,1,3,17,19,0,4,5,6,7,1,1,1,1,43,11,7,6,9,0,8,9,10,11,2,2,2,2,43,0,11,9,2,0,8,9,10,11,3,3,3,3,43,7,8,10,6,0,8,9,10,11,4,4,4,4,43,22,13,15,24,0,8,9,10,11,5,5,5,5,42,12,18,19,0,18,12,13,6,6,6,42,19,13,22,0,13,14,15,7,7,7,42,21,25,12,0,16,17,18,8,8,8,42,19,22,21,0,13,15,16,9,9,9,42,19,21,12,0,13,16,18,10,10,10,43,17,15,13,19,0,19,20,21,22,11,11,11,11,43,14,16,18,12,0,23,24,25,26,12,12,12,12,42,16,14,23,0,18,12,13,13,13,13,42,20,24,15,0,14,15,16,14,14,14,42,16,23,20,0,18,13,14,15,15,15,42,15,17,16,0,16,17,18,16,16,16,42,20,15,16,0,14,16,18,17,17,17,43,25,21,20,23,0,8,9,10,11,18,18,18,18,43,12,25,23,14,0,8,9,10,11,19,19,19,19,43,21,22,24,20,0,8,9,10,11,20,20,20,20],
    "materials":[{
        "DbgIndex":1,
        "transparent":false,
        "mapDiffuse":"book-texture.png",
        "depthTest":true,
        "shading":"phong",
        "DbgColor":15597568,
        "DbgName":"Combined",
        "mapDiffuseRepeat":[1,1],
        "colorEmissive":[0,0,0],
        "visible":true,
        "mapDiffuseWrap":["RepeatWrapping","RepeatWrapping"],
        "colorDiffuse":[0.64,0.64,0.64],
        "colorSpecular":[0.5,0.5,0.5],
        "blending":"NormalBlending",
        "specularCoef":50,
        "wireframe":false,
        "opacity":1,
        "depthWrite":true,
        "mapDiffuseAnisotropy":1
    }]
}