{
    "faces":[43,10,1,3,12,0,0,1,2,3,0,0,0,0,42,0,6,7,0,10,4,5,1,1,1,42,7,1,10,0,5,6,7,2,2,2,42,9,13,0,0,8,9,10,3,3,3,42,7,10,9,0,5,7,8,4,4,4,42,7,9,0,0,5,8,10,5,5,5,43,5,3,1,7,1,11,12,13,14,6,6,6,6,43,6,0,2,4,2,17,18,15,16,7,7,7,7,42,4,2,11,0,10,4,5,8,8,8,42,8,12,3,0,6,7,8,9,9,9,42,4,11,8,0,10,5,6,10,10,10,42,3,5,4,0,8,9,10,11,11,11,42,8,3,4,0,6,8,10,12,12,12,43,13,9,8,11,0,0,1,2,3,13,13,13,13,43,0,13,11,2,0,0,1,2,3,14,14,14,14,43,9,10,12,8,0,0,1,2,3,15,15,15,15,43,24,15,17,26,0,0,1,2,3,16,16,16,16,42,14,20,21,0,10,4,5,17,17,17,42,21,15,24,0,5,6,7,18,18,18,42,23,27,14,0,8,9,10,19,19,19,42,21,24,23,0,5,7,8,20,20,20,42,21,23,14,0,5,8,10,21,21,21,43,19,17,15,21,0,0,19,20,21,22,22,22,22,43,16,18,20,14,2,22,23,17,18,23,23,23,23,42,18,16,25,0,10,4,5,24,24,24,42,22,26,17,0,6,7,8,25,25,25,42,18,25,22,0,10,5,6,26,26,26,42,17,19,18,0,8,9,10,27,27,27,42,22,17,18,0,6,8,10,28,28,28,43,27,23,22,25,0,0,1,2,3,29,29,29,29,43,14,27,25,16,0,0,1,2,3,30,30,30,30,43,23,24,26,22,0,0,1,2,3,31,31,31,31],
    "metadata":{
        "faces":32,
        "vertices":29,
        "type":"Geometry",
        "normals":32,
        "materials":3,
        "version":3,
        "generator":"io_three",
        "uvs":1
    },
    "vertices":[-1.97148,-2.00124,-0.440195,-1.87422,-1.79404,-0.565523,-1.94874,1.98559,-0.440195,-1.85385,1.77729,-0.565523,0.012901,1.76431,-0.413055,0.012936,1.77053,-0.474919,-0.00744,-1.80235,-0.413438,-0.007476,-1.80857,-0.474919,-1.92104,1.88155,-0.521331,-1.9426,-1.89753,-0.521331,-1.91979,-1.84572,-0.553648,-1.94927,1.93365,-0.474563,-1.89883,1.82949,-0.553648,-1.99538,-2.02336,-0.501704,1.94458,-2.02413,-0.432834,1.8497,-1.81583,-0.558161,1.96732,1.96271,-0.432834,1.87006,1.7555,-0.558161,0.003282,1.76381,-0.405693,0.003318,1.77003,-0.467557,-0.017059,-1.80284,-0.406077,-0.017094,-1.80906,-0.467557,1.93844,1.85899,-0.513969,1.91689,-1.92009,-0.513969,1.89467,-1.86802,-0.546286,1.96726,1.91077,-0.467202,1.91563,1.80718,-0.546286,1.96823,-2.04651,-0.494342,-1.26934,0.898842,0.551075],
    "materials":[{
        "DbgColor":15597568,
        "wireframe":false,
        "DbgName":"CT.001",
        "transparent":false,
        "depthWrite":true,
        "shading":"phong",
        "colorEmissive":[0,0,0],
        "blending":"NormalBlending",
        "colorDiffuse":[0.591873,0.63076,0.64],
        "specularCoef":50,
        "DbgIndex":1,
        "opacity":1,
        "colorSpecular":[0.5,0.5,0.5],
        "visible":true,
        "depthTest":true
    },{
        "DbgColor":60928,
        "wireframe":false,
        "DbgName":"SMSMSMS",
        "transparent":false,
        "depthWrite":true,
        "shading":"phong",
        "colorEmissive":[0,0,0],
        "blending":"NormalBlending",
        "colorDiffuse":[0.64,0.64,0.64],
        "specularCoef":50,
        "DbgIndex":2,
        "opacity":1,
        "colorSpecular":[0.5,0.5,0.5],
        "visible":true,
        "depthTest":true
    },{
        "DbgColor":15658734,
        "wireframe":false,
        "DbgName":"Blue Cover",
        "transparent":false,
        "depthWrite":true,
        "shading":"phong",
        "colorEmissive":[0,0,0],
        "blending":"NormalBlending",
        "colorDiffuse":[0.64,0.64,0.64],
        "specularCoef":50,
        "DbgIndex":0,
        "opacity":1,
        "colorSpecular":[0.5,0.5,0.5],
        "visible":true,
        "depthTest":true
    }],
    "name":"Cube.003Geometry",
    "uvs":[[0,0,1,0,1,1,0,1,0.5,1,0.890916,0.811745,0.987464,0.388739,0.716942,0.049516,0.283058,0.049516,0.012536,0.38874,0.109084,0.811745,-0.001317,0.001707,0.996945,-0.000971,0.997803,1.00242,-0.000238,0.99978,0.948328,0.013116,0.684193,0.021584,0.00308,-0.001801,1,0,1,0.000723,1.00308,0.997972,0,1.00075,0.948328,-0.002867,0.192521,0.001606]],
    "normals":[0.253707,-0.001447,0.96728,-0.098898,0.990045,-0.100149,-0.04477,0.261051,0.964286,-0.891818,0.405398,0.20078,-0.045071,0.542908,0.838582,-0.047383,0.623613,0.780296,-0.048477,0.000277,0.998824,0.013728,-2.8e-05,-0.999906,-0.073536,-0.549825,0.832037,-0.5373,-0.598234,0.594495,-0.082095,-0.69,0.719139,0.001253,-0.994979,-0.100078,-0.07645,-0.430461,0.899366,0.638371,-0.008283,0.769685,0.970385,-0.007585,-0.241443,0.820532,-0.00468,0.571582,0.253708,-0.001447,-0.96728,-0.110183,-0.988853,0.100147,-0.047745,-0.260523,-0.964286,-0.896384,-0.3952,-0.200782,-0.05126,-0.542358,-0.838582,-0.054493,-0.623032,-0.780296,-0.048477,0.000276,-0.998824,0.013727,-0.000129,0.999906,-0.06726,0.550628,-0.832037,-0.530437,0.604323,-0.5945,-0.07422,0.690891,-0.719139,0.012601,0.9949,0.100077,-0.071536,0.431306,-0.899365,0.638424,0.001002,-0.769684,0.970409,-0.003484,0.241442,0.820533,-0.00468,-0.57158]
}