{
    "faces":[41,2,11,8,6,0,1,2,3,0,0,0,0,41,9,8,6,5,4,5,6,7,1,1,1,1,41,1,2,6,5,8,9,10,11,2,2,2,2,41,1,10,9,5,12,13,14,15,3,3,3,3,41,4,0,3,7,16,17,18,19,4,4,4,4,41,9,4,7,8,20,21,22,23,5,5,5,5,41,11,3,7,8,24,25,26,27,6,6,6,6,41,10,0,4,9,28,29,30,31,7,7,7,7,41,0,3,11,10,32,33,34,35,8,8,8,8,41,10,11,2,1,36,37,38,39,9,9,9,9],
    "metadata":{
        "faces":10,
        "version":3,
        "normals":10,
        "uvs":1,
        "vertices":12,
        "type":"Geometry",
        "generator":"io_three"
    },
    "vertices":[0.644683,-1.08587,0.406371,0.644683,1.43505,0.406371,-0.671245,1.43504,0.406371,-0.671245,-1.08587,0.406371,0.644684,-1.08587,-0.465353,0.644683,1.43505,-0.465353,-0.671245,1.43504,-0.465353,-0.671245,-1.08587,-0.465353,-0.671245,-0.412788,-0.465353,0.644683,-0.386254,-0.465353,0.644683,-0.375124,0.406371,-0.671245,-0.3605,0.406371],
    "normals":[1,0,-0,0,-0,-1,0,-1,-0,1,0,-0,0,-1,-0,0,-0,-1,1,0,-0,1,0,0,-0,-0,-1,-0,-0,-1],
    "name":"CubeGeometry.1",
    "uvs":[[0.385738,0.498453,0.598473,0.496348,0.598698,0.580973,0.383632,0.581647,0.59936,0.756052,0.597448,0.886918,0.383631,0.886997,0.381779,0.754159,0.984043,0.501784,0.784762,0.500284,0.776437,0.575815,0.987508,0.578729,0.383889,0.498461,0.599076,0.498881,0.600224,0.579341,0.383732,0.581177,0.991006,0.644563,0.982256,0.782564,0.816961,0.779647,0.820958,0.661848,0.996394,0.63469,0.990144,0.793809,0.924848,0.755891,0.804843,0.634949,0.970548,0.499199,0.807194,0.508366,0.818445,0.573868,0.970222,0.573868,0.806637,0.289341,0.980986,0.28934,0.987236,0.496927,0.815617,0.490677,0.966393,0.575402,0.811093,0.574569,0.81151,0.497096,0.96056,0.502675,0.384311,0.758935,0.383177,0.885438,0.597821,0.885835,0.597763,0.758462]]
}