{
    "uvs":[[0.385738,0.498453,0.598473,0.496348,0.598698,0.580973,0.383632,0.581647,0.59936,0.756052,0.597448,0.886918,0.383631,0.886997,0.381779,0.754159,0.984043,0.501784,0.784762,0.500284,0.776437,0.575815,0.987508,0.578729,0.383889,0.498461,0.599076,0.498881,0.600224,0.579341,0.383732,0.581177,0.991006,0.644563,0.982256,0.782564,0.816961,0.779647,0.820958,0.661848,0.996394,0.63469,0.990144,0.793809,0.924848,0.755891,0.804843,0.634949,0.970548,0.499199,0.807194,0.508366,0.818445,0.573868,0.970222,0.573868,0.806637,0.289341,0.980986,0.28934,0.987236,0.496927,0.815617,0.490677,0.966393,0.575402,0.811093,0.574569,0.81151,0.497096,0.96056,0.502675,0.384311,0.758935,0.383177,0.885438,0.597821,0.885835,0.597763,0.758462]],
    "metadata":{
        "type":"Geometry",
        "faces":10,
        "materials":1,
        "uvs":1,
        "version":3,
        "generator":"io_three",
        "vertices":12,
        "normals":10
    },
    "vertices":[0.244971,0.057242,0.35048,0.244971,0.743292,0.35048,-0.113149,0.743291,0.35048,-0.113149,0.057242,0.35048,0.244971,0.057242,0.113246,0.244971,0.743292,0.113246,-0.113149,0.743291,0.113246,-0.113149,0.057242,0.113246,-0.113149,0.240417,0.113246,0.244971,0.247638,0.113246,0.244971,0.250667,0.35048,-0.113149,0.254647,0.35048],
    "normals":[1,0,-0,0,-0,-1,0,-1,-0,1,0,-0,0,-1,-0,0,-0,-1,1,0,-0,1,0,0,0,0,-1,-0,-0,-1],
    "name":"CubeGeometry",
    "faces":[43,2,11,8,6,0,0,1,2,3,0,0,0,0,43,9,8,6,5,0,4,5,6,7,1,1,1,1,43,1,2,6,5,0,8,9,10,11,2,2,2,2,43,1,10,9,5,0,12,13,14,15,3,3,3,3,43,4,0,3,7,0,16,17,18,19,4,4,4,4,43,9,4,7,8,0,20,21,22,23,5,5,5,5,43,11,3,7,8,0,24,25,26,27,6,6,6,6,43,10,0,4,9,0,28,29,30,31,7,7,7,7,43,0,3,11,10,0,32,33,34,35,8,8,8,8,43,10,11,2,1,0,36,37,38,39,9,9,9,9],
    "materials":[{
        "DbgIndex":0,
        "transparent":false,
        "mapDiffuse":"eraser.png",
        "depthTest":true,
        "shading":"phong",
        "DbgColor":15658734,
        "DbgName":"Eraser",
        "mapDiffuseRepeat":[1,1],
        "colorEmissive":[0,0,0],
        "visible":true,
        "mapDiffuseWrap":["RepeatWrapping","RepeatWrapping"],
        "colorDiffuse":[0.64,0.64,0.64],
        "colorSpecular":[0.5,0.5,0.5],
        "blending":"NormalBlending",
        "specularCoef":50,
        "wireframe":false,
        "opacity":1,
        "depthWrite":true,
        "mapDiffuseAnisotropy":1
    }]
}