{
    "faces":[42,3,2,5,0,0,1,2,0,0,0,42,4,7,6,0,3,4,5,1,1,1,42,6,5,4,0,5,2,3,2,2,2,42,4,5,2,0,3,2,1,3,3,3,42,6,5,7,0,5,2,4,4,4,4,43,7,5,9,1,0,4,2,6,7,5,5,5,5,43,9,5,3,8,0,6,2,0,8,6,6,6,6,43,10,2,3,8,0,9,1,0,8,7,7,7,7,42,9,10,8,0,6,9,8,8,8,8,43,0,1,9,10,0,10,7,6,9,9,9,9,9,42,14,16,13,0,11,12,13,10,10,10,42,22,16,21,0,20,14,15,11,11,11,42,21,7,23,0,15,16,17,12,12,12,42,23,12,24,0,17,18,19,13,13,13,42,24,22,21,0,19,20,15,14,14,14,42,21,23,24,0,15,17,19,15,15,15,42,17,15,16,0,21,22,12,16,16,16,42,15,13,16,0,22,13,12,17,17,17,43,1,12,23,7,0,7,23,24,4,18,18,18,18,43,11,0,1,12,0,25,10,7,23,19,19,19,19,43,19,18,14,16,0,26,27,11,12,20,20,20,20,43,20,18,14,13,0,28,27,11,13,21,21,21,21,42,19,20,18,0,26,28,27,22,22,22,43,16,17,7,21,0,12,21,4,29,23,23,23,23,42,4,2,0,0,3,1,10,24,24,24,42,0,11,13,0,10,25,13,25,25,25,42,13,15,4,0,13,22,3,26,26,26,42,0,13,4,0,10,13,3,27,27,27,42,17,7,15,0,21,4,22,28,28,28,42,24,22,16,0,33,30,31,29,29,29,42,16,19,12,0,31,32,18,30,30,30,42,16,12,24,0,31,18,33,31,31,31,43,24,22,21,23,0,34,35,36,37,32,32,32,32,43,11,12,19,20,0,25,18,26,28,33,33,33,33],
    "materials":[{
        "depthTest":true,
        "shading":"phong",
        "DbgName":"Material",
        "opacity":1,
        "transparent":false,
        "specularCoef":50,
        "colorSpecular":[0.5,0.5,0.5],
        "colorDiffuse":[0.64,0.64,0.64],
        "depthWrite":true,
        "visible":true,
        "wireframe":false,
        "DbgColor":15658734,
        "blending":"NormalBlending",
        "DbgIndex":0,
        "colorEmissive":[0,0,0]
    }],
    "name":"Cube.002Geometry.3",
    "normals":[0.680842,-0.303651,0.666522,-0.733435,0.399054,0.5503,-0.330774,0.20525,0.921119,-0.048238,0.638332,0.768248,-0.374658,0.863156,0.338516,-0.267366,0.963138,0.029681,-0.36232,0.926424,0.102285,-0.271758,0.961894,0.030116,-0.824737,0.371749,-0.426158,-0.790407,0.611474,-0.036833,-0.657786,-0.346345,0.668852,0.19021,0.957903,-0.21504,-0.36792,0.92268,0.115306,0.138237,0.981508,0.13241,0.131477,0.990557,0.038866,0.131477,0.990557,0.038865,0.31602,0.227311,0.921119,0.00463,0.640135,0.768248,-0.095094,0.981217,0.167838,-0.001009,-3.4e-05,-0.999999,0.284084,0.953545,0.100242,0.180442,0.983288,0.024195,-0.80004,-0.412764,0.435387,-0.069664,0.95688,-0.282006,-0.091673,0.995789,0,-0.036209,0.999344,0,-0.007353,0.248468,0.968612,-0.012639,0.99966,0.022815,0.691127,0.440854,0.572705,-0.992549,-1e-06,0.121843,-0.939836,-0.327511,0.097186,-0.992549,-0,0.121843,0.131477,0.990557,0.038866,-0.746905,-0.66391,0.036833],
    "metadata":{
        "type":"Geometry",
        "faces":34,
        "materials":1,
        "generator":"io_three",
        "normals":34,
        "uvs":1,
        "version":3,
        "vertices":25
    },
    "uvs":[[0.999947,0.284713,0.710906,0.258268,0.66333,0.144585,0.639497,0.116652,0.571387,0.125012,0.611474,0.133382,0.701231,0.190977,0.615238,0.151563,0.85366,0.249804,0.733975,0.193052,0.664991,0.111658,5.3e-05,5.3e-05,0.444906,0.130215,0.300243,0.156956,0.620906,0.804326,0.838439,0.940767,0.923387,0.994048,0.677213,0.937098,0.139012,0.81259,0.411759,0.807913,0.517775,0.806095,0.513703,0.123796,0.47799,0.091035,0.483011,0.089747,0.54365,0.113945,0.430948,0.032956,0.24603,0.089747,0.149198,0.031979,0.297096,0.070235,0.535866,0.126473,0.22635,0.821667,0.153481,0.145786,-0.045395,0.105319,0.120334,0.823485,0.115759,0.182532,0.133775,0.903557,1.016,1.08832,0.896,0.162437]],
    "vertices":[-1.64565,-0.15299,1.51924,-1.65332,-0.040581,1.51924,-1.64565,-0.152989,-1.51532,-2.34924,-0.340179,-0.881887,-0.77013,-0.072389,-1.52732,-1.2643,0.16842,-1.75843,-0.523021,0.406594,-1.54531,-0.202098,0.366841,-1.08876,-1.93123,-0.278964,-0.068799,-1.39612,0.027621,-0.836951,-1.64565,-0.15299,-0.511601,1.29318,-0.046509,1.51626,1.29318,0.066162,1.51626,1.29318,-0.046508,-1.51829,2.00085,-0.167261,-0.884859,0.414204,-0.025752,-1.53029,0.890817,0.24817,-1.76141,0.135032,0.43528,-1.54828,1.57964,-0.134671,-0.071771,1.03193,0.11668,-0.839923,1.29318,-0.046509,-0.514573,0.104834,0.512837,-1.27766,0.976927,0.388542,-1.05994,0.267189,0.451798,-0.271182,1.06544,0.348501,-0.338861]
}